ID,Ratio,Line,Nb_rep,Coc_height,Coc_width
1,E,1,1,3.443,2.553
2,E,1,1,3.641,2.948
3,E,1,1,3.305,2.677
4,E,1,1,3.189,2.725
5,E,1,1,3.097,2.399
6,E,1,1,3.629,2.516
7,E,1,1,3.113,2.492
8,E,1,1,3.691,2.847
9,E,1,1,3.033,2.379
10,E,1,1,3.451,2.734
11,E,1,1,2.8,2.497
12,E,1,1,3.231,2.568
13,E,1,1,3.035,2.234
14,E,1,1,3.05,2.403
15,E,1,1,3.357,2.786
16,E,1,1,3.199,2.324
17,E,1,1,3.237,2.465
18,E,1,1,3.384,2.517
19,E,1,1,2.341,2.812
20,E,1,2,3.549,2.837
21,E,1,2,3.211,2.7
22,E,1,2,3.369,2.488
23,E,1,2,4.171,3.036
24,E,1,2,3.667,2.793
25,E,1,2,3.186,2.557
26,E,1,2,3.162,2.581
27,E,1,2,3.437,2.5
28,E,1,2,3.47,2.66
29,E,1,2,3.656,2.854
30,E,1,3,3.107,2.62
31,E,1,3,3.027,2.317
32,E,1,3,3.402,2.714
33,E,1,3,3.131,2.4
34,E,1,3,3.469,2.617
35,E,1,3,2.83,2.507
36,E,1,3,3.353,2.151
37,E,1,3,3.086,2.383
38,E,1,3,3.58,2.491
39,E,2,1,3.188,2.522
40,E,2,1,3.45,2.392
41,E,2,1,3.178,2.282
42,E,2,1,2.88,2.349
43,E,2,1,3.178,2.577
44,E,2,1,3.501,2.847
45,E,2,1,3.118,2.395
46,E,2,1,3.257,2.337
47,E,2,1,3.305,2.663
48,E,2,1,3.273,2.775
49,E,2,1,3.064,2.24
50,E,2,1,3.038,2.531
51,E,2,1,3.228,2.596
52,E,2,1,3.16,2.464
53,E,2,1,3.353,2.464
54,E,2,1,3.05,2.56
55,E,2,1,3.305,2.558
56,E,2,1,3.174,2.903
57,E,2,2,3.227,2.609
58,E,2,2,3.347,2.388
59,E,2,2,3.867,3.06
60,E,2,2,3.121,2.366
61,E,2,2,2.926,2.183
62,E,2,2,3.41,2.757
63,E,2,2,3.308,2.567
64,E,2,2,2.993,2.186
65,E,2,2,3.467,2.877
66,E,2,2,3.703,2.546
67,E,2,2,3.402,2.7
68,E,2,2,3.636,2.798
69,E,2,2,3.371,2.452
70,E,2,2,3.017,2.76
71,E,2,2,3.36,2.767
72,E,2,2,3.069,2.711
73,E,2,2,3.078,2.258
74,E,2,2,2.835,2.562
75,E,2,3,2.966,2.288
76,E,2,3,2.79,2.628
77,E,2,3,3.258,2.558
78,E,2,3,3.328,2.501
79,E,2,3,3.282,2.561
80,E,2,3,3.536,2.617
81,E,2,3,3.568,2.535
82,E,2,3,3.495,2.358
83,E,2,3,3.478,2.454
84,E,2,3,3.302,2.629
85,E,2,3,3.71,2.729
86,E,3,1,3.162,2.507
87,E,3,1,3.19,2.399
88,E,3,1,3.45,2.464
89,E,3,1,3.135,2.09
90,E,3,1,3.081,2.517
91,E,3,1,3.281,2.512
92,E,3,1,3.518,2.529
93,E,3,1,3.134,2.182
94,E,3,1,3.118,2.144
95,E,3,1,3.528,2.685
96,E,3,2,2.898,2.513
97,E,3,2,3.069,2.522
98,E,3,2,3.255,2.639
99,E,3,2,2.977,2.684
100,E,3,2,4.05,2.517
101,E,3,2,3.062,2.588
102,E,3,2,3.111,2.476
103,E,3,2,3.359,2.665
104,E,3,2,3.041,2.29
105,E,3,2,3.236,2.71
106,E,3,2,2.819,2.595
107,E,3,3,3.47,2.643
108,E,3,3,3.617,2.848
109,E,3,3,3.553,2.614
110,E,3,3,3.257,2.386
111,E,3,3,3.828,2.628
112,E,3,3,3.448,2.61
113,E,3,3,3.923,2.715
114,E,3,3,3.18,2.292
115,E,3,3,3.631,2.676
116,E,4,1,3.239,2.345
117,E,4,1,2.877,2.39
118,E,4,1,3.527,2.531
119,E,4,1,3.433,2.436
120,E,4,1,3.558,2.624
121,E,4,1,3.182,2.692
122,E,4,1,2.99,2.465
123,E,4,1,3.375,2.566
124,E,4,1,3.242,2.317
125,E,4,1,2.936,2.22
126,E,4,1,2.642,2.448
127,E,4,1,3.16,2.421
128,E,4,1,2.935,2.143
129,E,4,1,3.101,1.833
130,E,4,2,3.508,2.37
131,E,4,2,3.369,2.517
132,E,4,2,3.016,2.34
133,E,4,2,3.035,2.327
134,E,4,3,3.107,2.635
135,E,4,3,3.714,2.334
136,E,4,3,3.062,2.302
137,E,4,3,3.198,2.519
138,E,4,3,3.507,2.614
139,E,4,3,3.492,2.6
140,E,4,3,3.288,2.349
141,E,4,3,2.975,2.56
142,E,4,3,3.251,2.047
143,E,4,3,2.939,2.675
144,E,4,3,3.03,2.588
145,E,4,3,3.241,2.56
146,E,4,3,3.368,2.66
147,E,5,1,3.22,2.449
148,E,5,1,3.318,2.585
149,E,5,1,3.596,2.585
150,E,5,1,3.39,2.536
151,E,5,1,3.414,2.709
152,E,5,1,3.557,2.691
153,E,5,1,2.984,2.547
154,E,5,1,3.682,2.196
155,E,5,1,3.736,2.379
156,E,5,1,3.281,2.686
157,E,5,1,3.48,2.589
158,E,5,1,3.516,2.399
159,E,5,2,2.831,2.395
160,E,5,2,3.229,2.352
161,E,5,2,3.337,2.209
162,E,5,2,3.172,2.405
163,E,5,2,2.944,2.352
164,E,5,2,3.173,2.487
165,E,5,2,3.213,2.327
166,E,5,2,3.272,2.411
167,E,5,2,3.078,2.513
168,E,5,2,3.459,2.715
169,E,5,2,3.268,2.751
170,E,5,2,2.89,2.808
171,E,5,2,3.393,2.34
172,E,5,2,2.937,2.534
173,E,5,2,3.595,2.77
174,E,5,3,3.119,2.787
175,E,5,3,3.292,2.456
176,E,5,3,3.784,2.636
177,E,5,3,3.581,2.813
178,E,5,3,3.17,2.701
179,E,5,3,3.223,2.5
180,E,5,3,3.399,2.561
181,E,5,3,3.203,2.551
182,E,5,3,3.5,2.687
183,E,5,3,2.998,2.603
184,E,5,3,3.167,2.422
185,E,6,1,3.653,2.305
186,E,6,1,3.002,2.466
187,E,6,1,3.061,2.414
188,E,6,1,3.322,2.218
189,E,6,1,3.13,2.483
190,E,6,1,3.339,2.177
191,E,6,3,3.087,2.268
192,E,7,1,3.09,2.359
193,E,7,2,3.646,2.53
194,E,7,2,3.531,2.554
195,E,7,3,3.824,2.559
196,E,7,3,3.782,2.526
197,E,7,3,3.976,2.55
198,E,7,3,3.408,2.378
199,F,1,1,3.411,2.151
200,F,1,1,3.382,2.437
201,F,1,1,3.366,2.186
202,F,1,1,3.327,2.812
203,F,1,1,3.434,2.287
204,F,1,1,3.325,2.543
205,F,1,1,2.834,2.413
206,F,1,1,3.229,2.224
207,F,1,1,3.168,2.182
208,F,1,1,3.571,2.328
209,F,1,1,3.231,2.45
210,F,1,1,3.522,2.307
211,F,1,1,3.365,2.375
212,F,1,1,3.43,2.545
213,F,1,1,3.181,2.63
214,F,1,2,3.618,2.255
215,F,1,2,3.502,2.728
216,F,1,2,3.361,2.867
217,F,1,2,3.236,2.63
218,F,1,2,3.529,2.531
219,F,1,2,3.633,2.695
220,F,1,2,3.845,2.622
221,F,1,3,3.296,2.405
222,F,1,3,3.083,2.207
223,F,1,3,2.918,2.16
224,F,1,3,2.574,2.156
225,F,1,3,2.871,2.566
226,F,1,3,2.716,2.387
227,F,1,3,2.978,2.271
228,F,1,3,3.283,2.145
229,F,1,3,3.347,2.042
230,F,1,3,3.206,2.381
231,F,1,3,3.447,2.603
232,F,2,1,3.235,2.517
233,F,2,1,3.367,2.616
234,F,2,1,3.493,2.786
235,F,2,1,3.056,2.393
236,F,2,1,3.09,2.54
237,F,2,1,2.776,2.588
238,F,2,1,3.269,2.332
239,F,2,1,3.413,2.941
240,F,2,1,3.26,2.282
241,F,2,1,3.078,2.63
242,F,2,1,3.512,2.752
243,F,2,1,3.574,2.646
244,F,2,1,2.915,1.98
245,F,2,1,3.382,2.633
246,F,2,1,3.281,2.793
247,F,2,1,3.178,2.44
248,F,2,2,3.858,2.838
249,F,2,3,3.935,2.55
250,F,2,3,4.14,2.697
251,F,2,3,3.602,2.532
252,F,2,3,3.795,2.558
253,F,2,3,3.9,2.794
254,F,2,3,3.749,2.867
255,F,3,1,3.21,2.9
256,F,3,1,3.283,2.832
257,F,3,1,2.956,2.369
258,F,3,1,2.962,2.639
259,F,3,1,3.229,2.392
260,F,3,1,3.403,2.465
261,F,3,1,3.134,2.334
262,F,3,1,2.95,2.709
263,F,3,1,3.313,2.667
264,F,3,1,3.179,2.565
265,F,3,1,3.117,2.865
266,F,3,1,3.469,2.624
267,F,3,1,3.526,2.383
268,F,3,2,3.954,2.653
269,F,3,2,3.517,2.666
270,F,3,2,3.691,2.587
271,F,3,2,3.44,2.315
272,F,3,2,3.21,2.808
273,F,3,2,3.615,2.696
274,F,3,2,4.042,2.097
275,F,3,2,3.4,2.528
276,F,3,3,2.986,2.443
277,F,3,3,3.12,2.212
278,F,3,3,3.283,2.403
279,F,3,3,2.868,2.503
280,F,3,3,3.183,2.343
281,F,3,3,3.376,2.277
282,F,4,1,3.412,2.514
283,F,4,1,3.599,2.493
284,F,4,1,3.705,2.383
285,F,4,1,3.396,2.166
286,F,4,1,3.315,2.557
287,F,4,1,3.243,2.564
288,F,4,1,3.55,2.691
289,F,4,1,3.305,2.071
290,F,4,1,3.513,2.125
291,F,4,1,3.208,2.418
292,F,4,2,4.115,2.652
293,F,4,2,3.871,2.966
294,F,4,2,3.949,2.698
295,F,4,2,3.985,2.617
296,F,4,2,3.877,2.387
297,F,4,2,4.364,2.511
298,F,4,2,3.708,2.31
299,F,4,2,3.679,2.27
300,F,4,2,3.328,2.506
301,F,4,2,3.822,2.74
302,F,4,2,3.876,2.529
303,F,4,2,3.648,2.403
304,F,4,3,3.027,2.431
305,F,4,3,3.947,2.626
306,F,4,3,3.613,2.693
307,F,4,3,3.207,2.53
308,F,4,3,3.981,2.357
309,F,4,3,3.655,2.407
310,F,4,3,3.977,2.603
311,F,4,3,3.702,2.493
312,F,4,3,3.823,2.484
313,F,4,3,3.913,2.241
314,F,4,3,2.919,2.083
315,F,4,3,4.223,2.354
316,F,4,3,2.815,2.572
317,F,5,1,3.437,2.437
318,F,5,1,4.1,2.004
319,F,5,1,3.397,2.317
320,F,5,2,3.353,2.098
321,F,5,2,3.54,2.515
322,F,5,2,3.635,2.45
323,F,5,2,3.314,2.487
324,F,5,2,3.816,2.46
325,F,5,2,3.522,2.184
326,F,5,2,3.617,2.564
327,F,5,2,3.196,2.43
328,F,5,2,3.423,2.518
329,F,5,2,3.073,2.184
330,F,5,2,3.812,2.297
331,F,5,2,3.353,2.201
332,F,5,2,3.258,2.059
333,F,5,3,3.981,2.209
334,F,5,3,3.79,2.325
335,F,5,3,3.418,2.625
336,F,5,3,3.158,2.233
337,F,5,3,3.479,2.319
338,F,5,3,3.135,2.346
339,F,5,3,3.848,2.236
340,F,5,3,3.062,2.539
341,F,5,3,4.197,2.245
342,F,5,3,3.556,2.514
343,F,6,2,3.727,2.429
344,F,6,2,3.517,2.467
345,G,1,1,4.44,3.025
346,G,1,1,3.541,2.395
347,G,1,1,3.458,2.431
348,G,1,1,3.785,2.612
349,G,1,1,3.9,2.461
350,G,1,1,3.637,2.464
351,G,1,1,3.387,2.76
352,G,1,1,3.569,2.541
353,G,1,1,3.368,2.421
354,G,1,1,3.22,2.568
355,G,1,1,3.776,2.692
356,G,1,1,3.78,2.761
357,G,1,2,3.026,2.534
358,G,1,2,3.462,2.553
359,G,1,2,3.832,2.582
360,G,1,2,3.577,2.629
361,G,1,2,3.441,2.484
362,G,1,2,3.628,2.361
363,G,1,2,3.185,2.318
364,G,1,2,3.567,2.356
365,G,1,2,3.215,2.444
366,G,1,3,2.986,1.998
367,G,1,3,3.19,2.417
368,G,1,3,3.288,2.498
369,G,1,3,2.85,2.144
370,G,1,3,3.354,2.401
371,G,1,3,3.328,2.652
372,G,1,3,3.19,2.376
373,G,1,3,2.663,1.998
374,G,1,3,3.496,2.454
375,G,1,3,3.08,2.308
376,G,1,3,3.196,2.513
377,G,1,3,3.059,2.309
378,G,1,3,2.928,2.288
379,G,1,3,3.115,2.527
380,G,1,3,3.091,2.684
381,G,1,3,3.328,2.328
382,G,1,3,3.283,2.619
383,G,1,3,3.52,2.513
384,G,1,3,2.915,2.081
385,G,2,1,3.146,2.947
386,G,2,1,3.052,2.751
387,G,2,1,2.822,2.421
388,G,2,1,3.335,2.784
389,G,2,1,3.407,2.829
390,G,2,1,2.949,2.537
391,G,2,1,3.72,2.653
392,G,2,1,3.588,2.668
393,G,2,1,3.42,2.505
394,G,2,1,3.282,2.489
395,G,2,1,3.473,2.707
396,G,2,1,4.054,2.586
397,G,2,2,4.057,2.978
398,G,2,2,4.023,3.259
399,G,2,2,3.73,2.67
400,G,2,2,2.886,2.189
401,G,2,2,4.094,2.665
402,G,2,2,2.908,2.384
403,G,2,2,3.286,2.554
404,G,2,2,3.136,2.513
405,G,2,2,3.065,2.523
406,G,2,2,3.501,2.689
407,G,2,2,3.395,2.386
408,G,2,2,3.559,2.579
409,G,2,2,2.859,2.225
410,G,2,3,3.055,2.253
411,G,2,3,3.196,2.379
412,G,2,3,3.004,2.354
413,G,2,3,3.509,2.34
414,G,2,3,3.296,2.282
415,G,2,3,2.806,2.2
416,G,2,3,2.925,2.367
417,G,2,3,3.031,2.456
418,G,2,3,2.902,2.173
419,G,2,3,2.941,2.354
420,G,2,3,3.018,2.18
421,G,2,3,3.308,2.248
422,G,2,3,3.251,2.424
423,G,2,3,3.114,2.443
424,G,2,3,2.835,2.054
425,G,3,1,3.811,2.764
426,G,3,1,3.488,2.691
427,G,3,1,3.279,2.759
428,G,3,1,3.245,2.444
429,G,3,1,3.532,2.408
430,G,3,1,3.349,2.291
431,G,3,1,3.254,2.601
432,G,3,1,3.05,2.591
433,G,3,1,3.541,2.294
434,G,3,1,3.262,2.385
435,G,3,1,3.846,2.911
436,G,3,1,3.757,2.545
437,G,3,1,3.295,2.497
438,G,3,1,3.276,2.35
439,G,3,1,3.588,2.768
440,G,3,2,3.332,2.448
441,G,3,2,3.236,2.418
442,G,3,2,2.969,2.29
443,G,3,2,3.464,2.752
444,G,3,2,2.924,2.131
445,G,3,2,2.89,2.579
446,G,3,2,3.106,2.229
447,G,3,2,3.447,2.616
448,G,3,2,3.349,2.649
449,G,3,2,3.104,2.484
450,G,3,2,3.575,2.53
451,G,3,2,3.028,2.458
452,G,3,2,3.755,2.424
453,G,3,2,3.375,2.676
454,G,3,3,3.349,2.494
455,G,3,3,3.089,2.201
456,G,3,3,3.713,2.398
457,G,3,3,3.74,2.479
458,G,3,3,3.185,2.22
459,G,3,3,3.231,2.495
460,G,3,3,3.497,2.6
461,G,3,3,3.218,2.386
462,G,3,3,3.203,2.611
463,G,4,1,4.092,2.517
464,G,4,1,2.999,2.304
465,G,4,1,3.252,2.049
466,G,4,1,3.424,2.359
467,G,4,1,3.292,2.306
468,G,4,1,3.288,2.258
469,G,4,1,3.686,2.671
470,G,4,1,3.6,2.362
471,G,4,1,3.352,2.695
472,G,4,1,3.746,2.441
473,G,4,2,3.474,2.518
474,G,4,2,3.106,2.431
475,G,4,2,2.974,2.429
476,G,4,2,3.317,2.575
477,G,4,2,3.216,2.107
478,G,4,2,3.371,2.431
479,G,4,2,3.444,2.594
480,G,4,2,3.494,2.244
481,G,4,2,2.622,2.36
482,G,4,2,3.1,2.113
483,G,4,2,3.632,2.581
484,G,4,3,3.157,2.191
485,G,4,3,3.76,2.103
486,G,4,3,3.944,2.292
487,G,4,3,3.875,2.15
488,G,4,3,3.623,2.29
489,G,4,3,3.826,2.283
490,G,4,3,3.791,2.285
491,G,4,3,3.305,2.536
492,G,4,3,3.423,2.1
493,G,4,3,3.303,2.519
494,G,5,1,3.814,2.505
495,G,5,1,3.778,2.416
496,G,5,1,3.733,2.357
497,G,5,1,3.813,2.618
498,G,5,1,3.774,2.304
499,G,5,1,3.862,2.592
500,G,5,1,3.952,2.754
501,G,5,1,3.323,2.531
502,G,5,1,3.289,2.645
503,G,5,1,3.369,2.416
504,G,5,2,3.632,2.362
505,G,5,2,3.689,2.449
506,G,5,2,3.892,2.582
507,G,5,2,3.94,2.379
508,G,5,2,3.669,2.481
509,G,5,2,3.448,2.011
510,G,5,2,3.639,2.522
511,G,5,2,3.545,2.318
512,G,5,2,3.361,2.806
513,G,5,2,3.471,2.253
514,G,5,2,3.578,2.111
515,G,5,2,3.314,2.632
516,G,5,3,3.901,2.239
517,G,5,3,3.589,2.34
518,G,5,3,3.629,2.26
519,G,5,3,3.422,2.371
520,G,5,3,3.087,2.253
521,G,6,2,3.522,2.48
522,G,6,2,3.432,2.413
523,G,6,2,3.854,2.321
524,G,6,2,3.772,2.146
525,G,6,2,3.296,2.26
526,G,6,2,3.239,2.384
527,G,6,3,2.974,2.47
528,G,7,2,3.307,2.536
529,H,1,1,4.095,2.765
530,H,1,1,3.801,2.879
531,H,1,1,3.611,2.867
532,H,1,1,3.583,2.542
533,H,1,1,3.537,2.657
534,H,1,1,3.759,3.05
535,H,1,1,3.524,2.785
536,H,1,3,3.5,2.67
537,H,1,3,3.116,2.59
538,H,1,3,3.644,2.855
539,H,1,3,3.353,2.562
540,H,1,3,3.871,2.683
541,H,1,3,2.929,2.295
542,H,1,3,2.993,2.568
543,H,1,3,3.177,2.423
544,H,1,3,3.394,2.653
545,H,1,3,3.53,2.494
546,H,1,3,3.739,2.686
547,H,1,3,3.321,2.347
548,H,1,3,3.284,2.441
549,H,1,3,3.451,2.551
550,H,2,1,2.988,2.583
551,H,2,1,3.653,2.715
552,H,2,1,3.669,2.715
553,H,2,1,3.572,2.594
554,H,2,1,3.341,2.506
555,H,2,1,3.716,2.623
556,H,2,1,3.321,2.587
557,H,2,1,3.47,2.529
558,H,2,1,3.347,2.676
559,H,2,1,3.269,2.438
560,H,2,1,3.595,2.565
561,H,2,1,3.51,2.762
562,H,2,1,3.534,2.69
563,H,2,1,3.563,2.939
564,H,2,1,3.51,2.762
565,H,2,1,3.595,2.818
566,H,2,1,3.377,2.733
567,H,2,2,3.418,2.502
568,H,2,2,3.109,2.508
569,H,2,2,3.28,2.507
570,H,2,2,3.27,2.582
571,H,2,2,3.28,2.377
572,H,2,2,3.634,2.642
573,H,2,2,3.254,2.255
574,H,2,2,3.461,2.548
575,H,2,2,3.273,2.616
576,H,2,2,3.4,2.543
577,H,2,2,3.313,2.397
578,H,2,2,3.539,2.396
579,H,2,2,3.305,2.574
580,H,2,2,3.532,2.71
581,H,2,3,3.183,2.319
582,H,2,3,3.293,2.783
583,H,2,3,3.562,2.565
584,H,2,3,3.144,2.441
585,H,2,3,3.356,2.579
586,H,2,3,2.845,2.253
587,H,2,3,3.71,2.434
588,H,2,3,3.228,2.463
589,H,2,3,3.293,2.337
590,H,2,3,3.12,2.65
591,H,2,3,3.303,2.789
592,H,2,3,2.912,2.676
593,H,2,3,3.562,2.411
594,H,3,1,3.641,2.763
595,H,3,1,4.191,2.61
596,H,3,1,3.882,2.094
597,H,3,1,3.037,2.514
598,H,3,1,4.385,2.694
599,H,3,1,3.674,2.539
600,H,3,1,3.663,2.421
601,H,3,1,4.129,2.606
602,H,3,1,3.423,2.455
603,H,3,1,3.842,2.688
604,H,3,2,3.62,2.878
605,H,3,3,3.978,2.757
606,H,3,3,3.25,2.552
607,H,3,3,4.13,2.065
608,H,3,3,3.843,2.533
609,H,3,3,3.484,2.325
610,H,3,3,3.668,2.869
611,H,3,3,3.341,2.635
612,H,3,3,3.455,2.407
613,H,3,3,3.062,2.438
614,H,4,1,3.787,2.726
615,H,4,1,4.35,2.927
616,H,4,1,3.641,2.467
617,H,4,1,3.785,2.37
618,H,4,1,3.273,2.525
619,H,4,1,3.694,2.619
620,H,4,2,4.266,2.911
621,H,4,2,3.839,2.662
622,H,4,2,3.639,2.655
623,H,4,2,3.849,2.75
624,H,4,3,3.088,2.237
625,H,4,3,3.896,1.921
626,H,4,3,3.648,2.416
627,H,4,3,3.318,1.987
628,H,4,3,4.173,2.299
629,H,4,3,3.644,2.026
630,H,4,3,3.566,2.368
631,H,5,1,3.749,2.69
632,H,5,1,4.166,2.64
633,H,5,1,4.652,2.41
634,H,5,2,3.565,2.116
635,H,5,2,2.553,2.594
636,H,5,3,4.154,2.467
637,H,5,3,3.452,2.497
638,H,5,3,3.948,2.648
639,H,5,3,4.083,1.836
640,H,5,3,4.141,2.351
641,H,6,2,3.409,2.519
642,H,7,1,3.373,2.306
643,I,1,1,2.934,2.079
644,I,1,1,2.951,2.087
645,I,1,1,2.812,2.343
646,I,1,1,3.146,2.508
647,I,1,1,3.553,2.55
648,I,1,1,3.102,2.279
649,I,1,1,2.97,2.494
650,I,1,1,3.555,2.872
651,I,1,1,3.113,2.19
652,I,1,1,3.279,2.32
653,I,1,1,3.122,2.182
654,I,1,1,2.752,2.532
655,I,1,1,3.017,2.425
656,I,1,1,2.921,2.287
657,I,1,1,3.409,2.535
658,I,1,1,3.528,2.462
659,I,1,1,3.359,2.51
660,I,1,2,3.23,2.508
661,I,1,2,3.314,2.756
662,I,1,2,3.679,2.516
663,I,1,2,3.845,2.521
664,I,1,2,3.42,2.389
665,I,1,2,3.447,2.663
666,I,1,2,3.828,2.551
667,I,1,2,3.741,2.119
668,I,1,2,2.55,3.285
669,I,1,2,3.548,2.468
670,I,1,2,3.32,2.422
671,I,1,2,3.603,2.521
672,I,1,2,2.724,2.479
673,I,1,2,3.535,2.787
674,I,1,2,3.748,2.604
675,I,1,2,2.989,2.541
676,I,1,2,3.085,2.672
677,I,1,2,2.681,2.189
678,I,1,2,3.938,2.247
679,I,1,3,3.018,2.368
680,I,1,3,3.321,2.495
681,I,1,3,3.326,2.49
682,I,1,3,3.443,2.288
683,I,1,3,3.649,2.43
684,I,1,3,3.191,2.458
685,I,1,3,3.185,2.277
686,I,1,3,3.31,2.172
687,I,1,3,3.088,2.447
688,I,1,3,3.25,2.235
689,I,1,3,3.295,2.366
690,I,1,3,3.297,2.297
691,I,1,3,2.877,2.32
692,I,1,3,3.371,2.239
693,I,1,3,3.43,2.37
694,I,1,3,3.256,2.486
695,I,1,3,3.067,2.285
696,I,1,3,3.036,2.403
697,I,1,3,3.221,2.37
698,I,1,3,2.979,2.348
699,I,1,3,3.325,2.321
700,I,2,1,3.07,2.593
701,I,2,1,3.178,2.673
702,I,2,1,2.893,2.492
703,I,2,2,2.645,2.41
704,I,2,2,3.368,2.751
705,I,2,2,3.318,2.639
706,I,2,2,3.4,2.582
707,I,2,2,3.121,2.349
708,I,2,2,3.112,2.894
709,I,2,3,3.349,2.607
710,I,2,3,3.459,2.291
711,I,2,3,3.299,2.348
712,I,2,3,3.612,2.415
713,I,2,3,3.266,2.516
714,I,2,3,3.63,2.597
715,I,2,3,3.544,2.28
716,I,2,3,3.479,2.674
717,I,2,3,3.608,2.291
718,I,2,3,3.091,2.31
719,I,2,3,3.216,2.297
720,I,2,3,3.405,2.048
721,I,2,3,3.72,2.391
722,I,2,3,3.499,2.347
723,I,2,3,3.093,2.297
724,I,2,3,3.366,2.391
725,I,2,3,3.505,2.493
726,I,3,1,3.802,2.928
727,I,3,1,3.519,2.971
728,I,3,1,3.108,2.561
729,I,3,1,3.151,2.611
730,I,3,1,3.241,2.188
731,I,3,1,3.097,2.27
732,I,3,1,3.741,2.899
733,I,3,1,3.282,2.543
734,I,3,1,3.604,2.706
735,I,3,1,2.957,2.109
736,I,3,2,3.72,2.664
737,I,3,2,3.371,2.578
738,I,3,2,4.377,2.335
739,I,3,2,4.173,2.45
740,I,3,2,3.933,2.742
741,I,3,2,3.625,2.568
742,I,3,2,4.194,2.943
743,I,3,2,3.908,2.789
744,I,3,2,3.348,2.683
745,I,3,2,3.42,2.393
746,I,3,2,3.9,2.641
747,I,3,3,3.541,2.425
748,I,3,3,3.738,2.378
749,I,3,3,3.422,2.517
750,I,3,3,3.309,2.212
751,I,3,3,3.502,2.622
752,I,3,3,3.588,2.484
753,I,3,3,3.251,2.315
754,I,3,3,3.029,2.504
755,I,3,3,3.687,2.476
756,I,3,3,3.326,2.461
757,I,3,3,3.348,2.278
758,I,3,3,3.817,2.514
759,I,3,3,3.327,2.333
760,I,3,3,3.665,2.711
761,I,3,3,3.877,2.495
762,I,3,3,3.327,2.355
763,I,3,3,3.441,2.694
764,I,3,3,3.757,2.784
765,I,4,1,3.534,2.568
766,I,4,1,4.35,2.736
767,I,4,1,3.097,2.417
768,I,4,1,3.402,2.577
769,I,4,1,4.167,2.324
770,I,4,1,3.287,2.156
771,I,4,1,4.007,2.382
772,I,4,2,3.529,2.499
773,I,4,3,3.477,2.448
774,I,4,3,3.449,2.404
775,I,4,3,3.555,2.457
776,I,4,3,3.911,2.703
777,I,4,3,3.985,2.595
778,I,4,3,3.458,2.67
779,I,5,1,4.024,2.699
780,I,5,1,3.78,2.304
781,I,5,1,3.698,2.471
782,I,5,1,3.839,2.191
783,I,5,1,3.753,2.795
784,I,5,1,3.617,2.5
785,I,5,2,3.769,2.562
786,I,5,2,3.795,2.588
787,I,5,2,4.028,2.624
788,I,5,2,3.314,2.624
789,I,5,2,3.602,2.672
790,I,5,3,3.428,2.239
791,I,5,3,3.439,1.936
792,I,7,2,3.013,2.211
793,I,7,3,2.82,2.143
794,N,0,1,3.475,2.729
795,N,0,1,3.705,2.772
796,N,0,1,3.649,2.803
797,N,0,1,3.358,2.33
798,N,0,1,3.429,2.308
799,N,0,1,3.208,2.597
800,N,0,1,3.281,1.981
801,N,0,1,3.169,2.405
802,N,0,1,3.236,2.776
803,N,0,2,3.986,2.58
804,N,0,2,3.88,2.817
805,N,0,2,3.888,2.771
806,N,0,3,3.083,2.45
807,N,0,3,4.08,2.498
808,N,0,3,3.342,2.474
809,N,0,3,3.797,2.597
810,N,0,3,3.345,2.538
811,N,0,3,3.473,2.593
812,N,0,3,3.599,2.321
813,N,0,3,3.33,2.649
814,N,0,3,3.431,2.443
815,N,0,3,3.298,2.45
816,N,0,3,3.056,2.461
